<?xml version="1.0" encoding="UTF-8" ?>
<precice-configuration>
  <log>
    <sink
      filter="%Severity% > debug and %Rank% = 0"
      format="---[precice] %ColorizedSeverity% %Message%"
      enabled="true" />
  </log>

    <data:vector name="Force" />
    <data:vector name="Displacement" />

    <mesh name="Fluid-Mesh" dimensions="2" >
      <use-data name="Force" />
      <use-data name="Displacement" />
    </mesh>

    <mesh name="Solid-Mesh" dimensions="2" >
      <use-data name="Displacement" />
      <use-data name="Force" />
    </mesh>

    <participant name="Fluid">
        <provide-mesh name="Fluid-Mesh"  />
        <receive-mesh name="Solid-Mesh" from="Solid" />
        <write-data name="Force" mesh="Fluid-Mesh" />
        <read-data name="Displacement" mesh="Fluid-Mesh" />
        <mapping:nearest-neighbor
          direction="write"
          from="Fluid-Mesh"
          to="Solid-Mesh"
          constraint="conservative" />
        <mapping:nearest-neighbor
          direction="read"
          from="Solid-Mesh"
          to="Fluid-Mesh"
          constraint="consistent" />
    </participant>

    <participant name="Solid">
      <provide-mesh name="Solid-Mesh"  />
      <write-data name="Displacement" mesh="Solid-Mesh" />
      <read-data name="Force" mesh="Solid-Mesh" />
    </participant>

    <m2n:sockets acceptor="Fluid" connector="Solid" exchange-directory=".." />

    <coupling-scheme:serial-explicit>
      <participants first="Fluid" second="Solid" />
      <time-window-size value="0.0001" />
      <max-time value="2" />   
      <exchange data="Force" mesh="Solid-Mesh" from="Fluid" to="Solid" />
      <exchange data="Displacement" mesh="Solid-Mesh" from="Solid" to="Fluid" />
    </coupling-scheme:serial-explicit>
</precice-configuration>
